CHROM,POS,ID,REF,ALT,QUAL,FILTER,INFO_ID
1,8073509,691,C,A,.,.,2770
1,11177096,609,C,A,.,.,2771
1,11184573,542,G,T,.,.,2772
1,11184580,284,G,A,.,.,2773
1,11187094,470,G,T,.,.,2774
1,11187796,610,G,A,.,.,2775
1,11188519,283,G,A,.,.,2776
1,11190804,544,C,T,.,.,2777
1,11217230,543,C,T,.,.,2778
1,11856378,258,G,A,.,.,2779
1,17350521,2411,G,GGCAGCTGGTGCT,.,.,2780
1,27057658,1510,C,T,.,.,2781
1,36933434,2387,G,A,.,.,2782
1,65311203,822,C,A,.,.,2783
1,65311242,1292,C,T,.,.,2784
1,65321333,614,G,A,.,.,2785
1,65325837,1291,G,A,.,.,2786
1,68152388,705,T,C,.,.,2787
1,97915614,737,C,T,.,.,2788
1,97981343,738,A,C,.,.,2789
1,115256528,893,T,G,.,.,2790
1,115256529,96,T,C,.,.,2791
1,115256529,95,T,A,.,.,2792
1,115256530,427,G,T,.,.,2793
1,115258744,93,C,T,.,.,2794
1,115258745,896,C,G,.,.,2795
1,115258745,895,C,A,.,.,2796
1,115258747,878,C,T,.,.,2797
1,115258747,1175,C,A,.,.,2798
1,115258748,897,C,A,.,.,2799
1,115258748,898,C,T,.,.,2800
1,161479745,456,A,G,.,.,2801
1,161514542,457,A,C,.,.,2802
1,161643798,458,T,C,.,.,2803
1,162724415,139,C,G,.,.,2804
1,162729630,140,T,G,.,.,2805
1,162729671,141,G,T,.,.,2806
1,162741822,142,G,A,.,.,2807
1,162745497,143,A,T,.,.,2808
1,162748390,145,T,A,.,.,2809
1,162748407,144,G,T,.,.,2810
1,243859016,1227,C,T,.,.,2811
2,29432664,9,C,T,.,.,2812
2,29432682,308,C,G,.,.,2813
2,29432682,552,C,G,.,.,2814
2,29436859,551,A,C,.,.,2815
2,29436859,549,A,C,.,.,2816
2,29436860,1295,A,C,.,.,2817
2,29443600,172,G,T,.,.,2818
2,29443613,171,C,T,.,.,2819
2,29443624,1556,A,G,.,.,2820
2,29443625,1275,G,A,.,.,2821
2,29443630,1553,A,T,.,.,2822
2,29443631,7,G,T,.,.,2823
2,29443642,1661,C,G,.,.,2824
2,29443679,528,C,G,.,.,2825
2,29443695,8,G,T,.,.,2826
2,29443696,1492,A,C,.,.,2827
2,29443697,1505,A,C,.,.,2828
2,29445213,527,A,G,.,.,2829
2,29445213,589,A,C,.,.,2830
2,29445213,588,A,T,.,.,2831
2,29445258,6,C,T,.,.,2832
2,29445270,1554,A,G,.,.,2833
2,29445270,307,A,C,.,.,2834
2,29445271,173,G,GCGT,.,.,2835
2,29445273,1493,G,A,.,.,2836
2,30142885,1683,C,T,.,.,2837
2,47630413,763,A,AG,.,.,2838
2,47637380,770,A,T,.,.,2839
2,47641432,762,GT,G,.,.,2840
2,47656951,727,C,T,.,.,2841
2,47690231,773,A,G,.,.,2842
2,48018217,761,C,A,.,.,2843
2,48026176,775,G,A,.,.,2844
2,48027793,765,ATC,A,.,.,2845
2,48028036,755,A,T,.,.,2846
2,48033420,776,C,T,.,.,2847
2,48033421,767,G,A,.,.,2848
2,158622516,1686,C,A,.,.,2849
2,158622517,2280,C,A,.,.,2850
2,158626898,2275,T,C,.,.,2851
2,198266834,565,T,C,.,.,2852
2,198267359,114,C,A,.,.,2853
2,202149589,650,G,C,.,.,2854
2,209113112,880,C,A,.,.,2855
2,209113112,420,C,T,.,.,2856
2,209113113,927,G,C,.,.,2857
2,209113113,59,G,A,.,.,2858
2,209113113,928,G,T,.,.,2859
2,212251734,1673,C,A,.,.,2860
2,234668881,729,T,TTATATATATATATA,.,.,2861
3,10183530,847,GAATGCCCCGGAGGGCGGAGAA,G,.,.,2862
3,10183531,846,AATGCCCCGGAGGGCGGA,A,.,.,2863
3,10183534,848,G,A,.,.,2864
3,10183550,849,A,G,.,.,2865
3,10183555,1294,G,A,.,.,2866
3,10183567,1694,G,C,.,.,2867
3,10183605,850,C,T,.,.,2868
3,10183643,3135,T,C,.,.,2869
3,10183644,1737,CC,C,.,.,2870
3,10183650,2430,C,G,.,.,2871
3,10183667,1733,G,T,.,.,2872
3,10183681,3173,C,G,.,.,2873
3,10183685,1734,G,A,.,.,2874
3,10183685,2466,G,T,.,.,2875
3,10183690,1889,GT,G,.,.,2876
3,10183693,2177,G,C,.,.,2877
3,10183692,829,TGGAGG,T,.,.,2878
3,10183693,766,GG,G,.,.,2879
3,10183694,1736,G,T,.,.,2880
3,10183693,764,GGA,G,.,.,2881
3,10183695,771,A,AG,.,.,2882
3,10183695,793,A,AA,.,.,2883
3,10183696,794,G,A,.,.,2884
3,10183696,2144,G,GG,.,.,2885
3,10183697,1785,G,GA,.,.,2886
3,10183704,851,G,GC,.,.,2887
3,10183706,1930,C,T,.,.,2888
3,10183706,1929,CC,C,.,.,2889
3,10183706,2302,CCG,C,.,.,2890
3,10183709,1964,CG,C,.,.,2891
3,10183710,1750,GG,G,.,.,2892
3,10183712,2145,CCCGT,C,.,.,2893
3,10183714,1931,C,G,.,.,2894
3,10183719,1944,T,C,.,.,2895
3,10183722,1867,G,C,.,.,2896
3,10183724,1903,T,C,.,.,2897
3,10183724,3048,T,A,.,.,2898
3,10183724,2011,T,G,.,.,2899
3,10183725,1788,C,T,.,.,2900
3,10183724,2130,TC,T,.,.,2901
3,10183725,1751,C,G,.,.,2902
3,10183725,1811,C,A,.,.,2903
3,10183725,1787,C,G,.,.,2904
3,10183726,1789,GG,G,.,.,2905
3,10183728,1936,T,G,.,.,2906
3,10183727,2099,GTGAACTCGCGCGAGC,G,.,.,2907
3,10183733,1873,T,C,.,.,2908
3,10183734,2122,C,A,.,.,2909
3,10183734,2012,C,G,.,.,2910
3,10183735,2510,G,GG,.,.,2911
3,10183739,1834,G,T,.,.,2912
3,10183739,1956,G,A,.,.,2913
3,10183743,2270,CCTCCCAGGTCATCTTCTGCA,C,.,.,2914
3,10183745,1904,T,C,.,.,2915
3,10183744,1816,CT,C,.,.,2916
3,10183745,2002,TC,T,.,.,2917
3,10183746,2462,CC,C,.,.,2918
3,10183747,2041,CC,C,.,.,2919
3,10183748,1752,C,T,.,.,2920
3,10183752,1999,T,G,.,.,2921
3,10183752,2158,T,TCATC,.,.,2922
3,10183754,1912,A,AT,.,.,2923
3,10183755,3146,T,G,.,.,2924
3,10183754,2088,ATCT,A,.,.,2925
3,10183757,1749,T,A,.,.,2926
3,10183758,1835,T,C,.,.,2927
3,10183758,2132,T,TC,.,.,2928
3,10183757,1926,TTCT,T,.,.,2929
3,10183759,2107,C,G,.,.,2930
3,10183759,2123,CTGC,C,.,.,2931
3,10183761,3096,G,GTCT,.,.,2932
3,10183763,2112,A,G,.,.,2933
3,10183763,2113,A,T,.,.,2934
3,10183763,1754,A,C,.,.,2935
3,10183764,2037,A,T,.,.,2936
3,10183764,1755,A,G,.,.,2937
3,10183764,1756,A,C,.,.,2938
3,10183766,2175,C,T,.,.,2939
3,10183767,1791,G,C,.,.,2940
3,10183769,2106,A,G,.,.,2941
3,10183769,1963,A,C,.,.,2942
3,10183769,2511,AG,A,.,.,2943
3,10183770,1874,G,A,.,.,2944
3,10183770,1757,G,T,.,.,2945
3,10183769,2512,AGTCCGCG,A,.,.,2946
3,10183771,1792,T,G,.,.,2947
3,10183772,1837,C,T,.,.,2948
3,10183773,2084,C,T,.,.,2949
3,10183773,2089,CGCGCGTCGT,C,.,.,2950
3,10183775,2532,C,G,.,.,2951
3,10183775,2241,C,T,.,.,2952
3,10183774,2264,GCGCGTCGTG,G,.,.,2953
3,10183776,2110,G,T,.,.,2954
3,10183776,1980,G,C,.,.,2955
3,10183781,1815,G,T,.,.,2956
3,10183781,1937,G,C,.,.,2957
3,10183781,2101,G,A,.,.,2958
3,10183785,2020,T,C,.,.,2959
3,10183785,1758,T,TC,.,.,2960
3,10183787,1759,C,G,.,.,2961
3,10183787,1902,C,T,.,.,2962
3,10183788,2307,C,A,.,.,2963
3,10183788,1849,C,G,.,.,2964
3,10183788,1760,C,T,.,.,2965
3,10183790,2432,G,GA,.,.,2966
3,10183791,2513,T,A,.,.,2967
3,10183791,2068,T,C,.,.,2968
3,10183791,2299,T,TA,.,.,2969
3,10183793,2056,T,C,.,.,2970
3,10183793,1761,T,A,.,.,2971
3,10183794,2151,G,A,.,.,2972
3,10183794,2242,G,T,.,.,2973
3,10183794,1966,G,C,.,.,2974
3,10183793,2039,TGGC,TTT,.,.,2975
3,10183795,1908,G,A,.,.,2976
3,10183795,2124,G,C,.,.,2977
3,10183797,1793,T,C,.,.,2978
3,10183797,2549,T,G,.,.,2979
3,10183797,2308,T,A,.,.,2980
3,10183799,2878,A,C,.,.,2981
3,10183800,2149,A,T,.,.,2982
3,10183804,2294,C,G,.,.,2983
3,10183806,2449,A,G,.,.,2984
3,10183806,2514,AA,ACC,.,.,2985
3,10183805,2097,GACGGCGAGCCGCAGCCC,G,.,.,2986
3,10183807,1812,CG,C,.,.,2987
3,10183808,1920,G,C,.,.,2988
3,10183808,2008,G,T,.,.,2989
3,10183808,1859,G,A,.,.,2990
3,10183809,2009,G,T,.,.,2991
3,10183809,1858,G,A,.,.,2992
3,10183809,2127,GC,G,.,.,2993
3,10183811,1794,G,T,.,.,2994
3,10183811,2173,G,A,.,.,2995
3,10183815,2117,C,G,.,.,2996
3,10183817,1848,C,T,.,.,2997
3,10183818,1818,A,C,.,.,2998
3,10183818,3246,AGCC,A,.,.,2999
3,10183821,2069,C,T,.,.,3000
3,10183821,2160,CC,C,.,.,3001
3,10183822,2128,C,G,.,.,3002
3,10183821,852,CCTACCCAACGCTGCCGCCTG,C,.,.,3003
3,10183823,1741,T,C,.,.,3004
3,10183823,2484,T,A,.,.,3005
3,10183824,2480,A,C,.,.,3006
3,10183824,1933,A,G,.,.,3007
3,10183825,3125,C,G,.,.,3008
3,10183829,2248,A,G,.,.,3009
3,10183832,1838,CT,GG,.,.,3010
3,10183833,1860,T,G,.,.,3011
3,10183835,2058,CC,C,.,.,3012
3,10183838,1927,C,G,.,.,3013
3,10183839,2118,C,T,.,.,3014
3,10183839,1795,CTG,C,.,.,3015
3,10183842,2428,G,T,.,.,3016
3,10183842,2043,G,C,.,.,3017
3,10183843,2293,C,G,.,.,3018
3,10183844,1839,A,C,.,.,3019
3,10183849,2021,C,CCGC,.,.,3020
3,10183850,2007,C,G,.,.,3021
3,10183851,2044,G,A,.,.,3022
3,10183851,1840,G,C,.,.,3023
3,10183856,1922,AT,A,.,.,3024
3,10183856,1965,AT,A,.,.,3025
3,10183860,2463,A,C,.,.,3026
3,10183859,2516,CA,C,.,.,3027
3,10183861,1853,CA,TT,.,.,3028
3,10183862,2045,A,T,.,.,3029
3,10183861,1762,CA,C,.,.,3030
3,10183862,2243,A,G,.,.,3031
3,10183862,2156,A,C,.,.,3032
3,10183862,2517,AG,A,.,.,3033
3,10183863,1763,G,A,.,.,3034
3,10183864,2003,C,A,.,.,3035
3,10183864,1764,C,G,.,.,3036
3,10183865,1865,T,C,.,.,3037
3,10183865,2006,T,A,.,.,3038
3,10183866,2818,A,G,.,.,3039
3,10183867,1766,C,A,.,.,3040
3,10183867,2143,CC,C,.,.,3041
3,10183868,1796,C,T,.,.,3042
3,10183871,2026,G,A,.,.,3043
3,10183871,1797,G,T,.,.,3044
3,10183871,1857,G,C,.,.,3045
3,10183872,2114,G,A,.,.,3046
3,10183872,2074,G,T,.,.,3047
3,10183873,2534,TACGGGCCC,TCG,.,.,3048
3,10183876,2104,G,C,.,.,3049
3,10183878,3161,G,A,.,.,3050
3,10188196,2133,A,C,.,.,3051
3,10188196,2504,A,G,.,.,3052
3,10188197,2017,G,A,.,.,3053
3,10188197,2454,G,T,.,.,3054
3,10188198,2491,G,T,.,.,3055
3,10188200,1921,C,T,.,.,3056
3,10188199,2520,TC,T,.,.,3057
3,10188200,2057,CA,C,.,.,3058
3,10188201,2000,A,G,.,.,3059
3,10188201,1885,A,C,.,.,3060
3,10188202,1957,C,G,.,.,3061
3,10188202,1742,C,A,.,.,3062
3,10188203,1820,C,G,.,.,3063
3,10188203,2312,CT,C,.,.,3064
3,10188206,2521,T,G,.,.,3065
3,10188206,2522,T,A,.,.,3066
3,10188206,2027,T,TT,.,.,3067
3,10188207,2249,G,A,.,.,3068
3,10188207,2523,G,C,.,.,3069
3,10188208,1767,G,T,.,.,3070
3,10188208,1821,G,A,.,.,3071
3,10188208,1945,GCT,G,.,.,3072
3,10188209,1841,C,CA,.,.,3073
3,10188210,1798,T,C,.,.,3074
3,10188210,1822,T,G,.,.,3075
3,10188212,2475,T,C,.,.,3076
3,10188213,2119,T,C,.,.,3077
3,10188214,1743,C,G,.,.,3078
3,10188215,2877,A,T,.,.,3079
3,10188215,1914,A,G,.,.,3080
3,10188215,3244,A,AAC,.,.,3081
3,10188216,2494,G,C,.,.,3082
3,10188218,3133,G,A,.,.,3083
3,10188217,2446,AG,A,.,.,3084
3,10188218,2154,G,C,.,.,3085
3,10188219,1813,A,G,.,.,3086
3,10188221,2028,GC,AT,.,.,3087
3,10188222,3194,C,T,.,.,3088
3,10188223,1905,AG,A,.,.,3089
3,10188225,2135,GGACACAC,G,.,.,3090
3,10188228,2054,C,T,.,.,3091
3,10188230,3122,C,T,.,.,3092
3,10188231,2060,A,C,.,.,3093
3,10188232,1918,C,CC,.,.,3094
3,10188233,2533,G,A,.,.,3095
3,10188233,2053,G,T,.,.,3096
3,10188234,2554,A,G,.,.,3097
3,10188237,2555,GG,G,.,.,3098
3,10188237,3068,GG,G,.,.,3099
3,10188238,1851,GC,TT,.,.,3100
3,10188239,3066,C,T,.,.,3101
3,10188240,1886,T,G,.,.,3102
3,10188240,2157,T,C,.,.,3103
3,10188240,1996,TT,T,.,.,3104
3,10188243,2508,T,C,.,.,3105
3,10188245,1970,G,C,.,.,3106
3,10188245,2380,G,A,.,.,3107
3,10188245,1875,G,T,.,.,3108
3,10188246,1800,TTA,T,.,.,3109
3,10188249,2580,A,C,.,.,3110
3,10188249,2001,A,G,.,.,3111
3,10188250,1953,C,A,.,.,3112
3,10188250,2460,C,G,.,.,3113
3,10188249,1868,ACC,AA,.,.,3114
3,10188251,1994,C,T,.,.,3115
3,10188251,1843,CA,C,.,.,3116
3,10188252,2125,A,C,.,.,3117
3,10188253,2556,AACTG,A,.,.,3118
3,10188257,1884,G,T,.,.,3119
3,10188258,2524,AATTATTTGTGCCATCTCTCAATGTTGA,A,.,.,3120
3,10188259,1906,AT,A,.,.,3121
3,10188261,1769,T,A,.,.,3122
3,10188264,1814,T,G,.,.,3123
3,10188264,1801,T,C,.,.,3124
3,10188266,2495,G,GT,.,.,3125
3,10188269,1928,C,A,.,.,3126
3,10188270,2440,C,G,.,.,3127
3,10188270,2120,C,T,.,.,3128
3,10188271,2866,A,G,.,.,3129
3,10188273,2541,C,T,.,.,3130
3,10188275,2559,CT,C,.,.,3131
3,10188276,2317,TC,T,.,.,3132
3,10188277,2318,CAATGTTG,C,.,.,3133
3,10188278,1823,AA,A,.,.,3134
3,10188278,1917,AATGTTGACGGACAGCCTAT,A,.,.,3135
3,10188284,3247,GACGGACAGCCT,G,.,.,3136
3,10188286,3040,C,T,.,.,3137
3,10188287,2059,G,A,.,.,3138
3,10188287,3197,G,C,.,.,3139
3,10188287,1850,G,T,.,.,3140
3,10188287,2560,GG,G,.,.,3141
3,10188288,2290,G,A,.,.,3142
3,10188289,2155,A,AA,.,.,3143
3,10188290,1883,C,T,.,.,3144
3,10188291,1781,AGC,A,.,.,3145
3,10188292,2055,GC,G,.,.,3146
3,10188296,2038,A,G,.,.,3147
3,10188296,3195,A,AT,.,.,3148
3,10188297,2291,T,C,.,.,3149
3,10188302,1744,G,A,.,.,3150
3,10188301,2042,TG,T,.,.,3151
3,10188302,820,G,T,.,.,3152
3,10188301,2029,TGCCAATATCACACT,T,.,.,3153
3,10188302,2561,GC,G,.,.,3154
3,10188306,2162,A,G,.,.,3155
3,10188308,2150,A,T,.,.,3156
3,10188309,2476,T,A,.,.,3157
3,10188309,1871,T,C,.,.,3158
3,10188309,2250,T,G,.,.,3159
3,10188310,2030,C,G,.,.,3160
3,10188311,3130,A,C,.,.,3161
3,10188312,2085,C,T,.,.,3162
3,10188315,1923,T,C,.,.,3163
3,10188317,2427,C,T,.,.,3164
3,10188316,1802,GC,G,.,.,3165
3,10188318,1782,C,T,.,.,3166
3,10188318,1771,CA,C,.,.,3167
3,10188319,1962,A,C,.,.,3168
3,10188320,2076,G,A,.,.,3169
3,10188321,1972,G,A,.,.,3170
3,10188321,2048,G,T,.,.,3171
3,10188321,1998,G,C,.,.,3172
3,10188322,2075,T,C,.,.,3173
3,10188323,2146,A,T,.,.,3174
3,10188323,2065,A,G,.,.,3175
3,10188323,2461,A,C,.,.,3176
3,10188328,2292,C,T,.,.,3177
3,10191469,2078,A,G,.,.,3178
3,10191469,1992,A,T,.,.,3179
3,10191469,2093,A,C,.,.,3180
3,10191470,2077,G,C,.,.,3181
3,10191470,1990,G,T,.,.,3182
3,10191470,1974,G,A,.,.,3183
3,10191471,1909,T,A,.,.,3184
3,10191471,1934,T,G,.,.,3185
3,10191471,2453,TGTATAC,T,.,.,3186
3,10191473,2013,T,A,.,.,3187
3,10191473,1967,T,G,.,.,3188
3,10191473,3182,T,C,.,.,3189
3,10191474,3193,A,C,.,.,3190
3,10191474,1946,A,G,.,.,3191
3,10191475,1968,T,G,.,.,3192
3,10191475,2323,TA,T,.,.,3193
3,10191477,1745,C,T,.,.,3194
3,10191478,1783,T,TT,.,.,3195
3,10191479,1803,C,G,.,.,3196
3,10191480,2467,T,A,.,.,3197
3,10191480,1738,T,C,.,.,3198
3,10191480,1872,T,TT,.,.,3199
3,10191480,2137,TGAA,TC,.,.,3200
3,10191481,2098,GA,G,.,.,3201
3,10191482,1862,A,G,.,.,3202
3,10191484,2040,A,ACA,.,.,3203
3,10191485,2245,G,T,.,.,3204
3,10191486,2502,A,T,.,.,3205
3,10191485,1919,GAG,G,.,.,3206
3,10191486,2527,AG,A,.,.,3207
3,10191488,1804,C,T,.,.,3208
3,10191488,2148,C,A,.,.,3209
3,10191488,1915,C,G,.,.,3210
3,10191489,1746,G,A,.,.,3211
3,10191489,1855,G,C,.,.,3212
3,10191489,2035,GA,G,.,.,3213
3,10191491,1772,T,C,.,.,3214
3,10191492,1824,G,A,.,.,3215
3,10191492,1773,G,T,.,.,3216
3,10191493,1774,C,G,.,.,3217
3,10191493,2528,C,A,.,.,3218
3,10191494,2505,C,T,.,.,3219
3,10191494,3198,C,A,.,.,3220
3,10191495,2478,T,C,.,.,3221
3,10191495,2033,T,A,.,.,3222
3,10191494,2563,CT,C,.,.,3223
3,10191497,1845,C,T,.,.,3224
3,10191498,2079,A,T,.,.,3225
3,10191498,1856,A,G,.,.,3226
3,10191499,2880,G,T,.,.,3227
3,10191499,1943,G,C,.,.,3228
3,10191503,1825,G,T,.,.,3229
3,10191504,2437,T,C,.,.,3230
3,10191504,1775,T,A,.,.,3231
3,10191506,1805,C,G,.,.,3232
3,10191506,1747,C,T,.,.,3233
3,10191505,1975,CCGGAGC,CT,.,.,3234
3,10191507,1916,G,T,.,.,3235
3,10191507,1739,G,A,.,.,3236
3,10191507,2458,G,C,.,.,3237
3,10191510,1941,G,C,.,.,3238
3,10191509,2004,AG,A,.,.,3239
3,10191510,2326,GCCTAGT,G,.,.,3240
3,10191512,3097,C,T,.,.,3241
3,10191513,1887,T,C,.,.,3242
3,10191515,1806,G,T,.,.,3243
3,10191516,1826,T,A,.,.,3244
3,10191516,1935,T,G,.,.,3245
3,10191516,1910,T,C,.,.,3246
3,10191522,2005,CT,C,.,.,3247
3,10191524,1976,G,T,.,.,3248
3,10191530,2066,T,A,.,.,3249
3,10191530,1846,T,G,.,.,3250
3,10191531,2067,A,G,.,.,3251
3,10191532,1932,C,A,.,.,3252
3,10191531,2138,AC,A,.,.,3253
3,10191532,1969,C,G,.,.,3254
3,10191532,1780,CA,C,.,.,3255
3,10191534,1907,GG,G,.,.,3256
3,10191536,1827,A,T,.,.,3257
3,10191540,1748,T,C,.,.,3258
3,10191540,1888,T,G,.,.,3259
3,10191540,1997,T,A,.,.,3260
3,10191542,3123,G,A,.,.,3261
3,10191545,1807,A,G,.,.,3262
3,10191546,2246,T,A,.,.,3263
3,10191546,3012,T,C,.,.,3264
3,10191546,1847,TCGTC,T,.,.,3265
3,10191555,2161,C,T,.,.,3266
3,10191555,1784,C,A,.,.,3267
3,10191554,2100,TC,T,.,.,3268
3,10191555,2503,C,G,.,.,3269
3,10191558,1776,T,C,.,.,3270
3,10191558,2070,T,A,.,.,3271
3,10191558,1808,T,G,.,.,3272
3,10191562,1809,C,G,.,.,3273
3,10191562,2115,C,A,.,.,3274
3,10191563,1778,G,A,.,.,3275
3,10191563,1777,G,T,.,.,3276
3,10191564,1829,AAGA,A,.,.,3277
3,10191568,2139,TC,T,.,.,3278
3,10191569,1836,C,G,.,.,3279
3,10191569,1828,CT,C,.,.,3280
3,10191570,1924,T,G,.,.,3281
3,10191570,1861,T,A,.,.,3282
3,10191570,1852,T,C,.,.,3283
3,10191571,1869,GG,G,.,.,3284
3,10191578,2425,C,G,.,.,3285
3,10191577,1958,CC,C,.,.,3286
3,10191581,2064,C,T,.,.,3287
3,10191581,1864,CC,C,.,.,3288
3,10191586,1977,TTG,T,.,.,3289
3,10191588,2493,T,G,.,.,3290
3,10191590,1810,C,T,.,.,3291
3,10191590,2140,CAG,C,.,.,3292
3,10191593,2147,A,G,.,.,3293
3,10191593,1913,A,T,.,.,3294
3,10191595,2141,AG,A,.,.,3295
3,10191596,2105,G,A,.,.,3296
3,10191597,2543,AC,A,.,.,3297
3,10191598,2126,CCT,C,.,.,3298
3,10191600,2010,T,A,.,.,3299
3,10191600,2247,T,G,.,.,3300
3,10191600,2501,T,C,.,.,3301
3,10191605,631,C,T,.,.,3302
3,10191622,2329,CC,CAA,.,.,3303
3,10191638,2868,A,C,.,.,3304
3,10191647,2488,T,G,.,.,3305
3,10191648,1986,G,T,.,.,3306
3,10191648,2489,G,GC,.,.,3307
3,10191649,1988,A,T,.,.,3308
3,10191649,1987,A,G,.,.,3309
3,10191656,2024,C,G,.,.,3310
3,10191719,2152,C,A,.,.,3311
3,10191943,3022,G,A,.,.,3312
3,37035039,747,A,T,.,.,3313
3,37035074,725,CG,C,.,.,3314
3,37038139,745,T,C,.,.,3315
3,37038187,759,G,A,.,.,3316
3,37038192,757,G,A,.,.,3317
3,37038196,758,T,G,.,.,3318
3,37042536,741,C,T,.,.,3319
3,37045935,743,C,T,.,.,3320
3,37048546,753,C,T,.,.,3321
3,37053550,750,GT,G,.,.,3322
3,37053589,754,C,T,.,.,3323
3,37056036,731,G,A,.,.,3324
3,37058999,749,C,G,.,.,3325
3,37067359,752,G,A,.,.,3326
3,37067364,744,GC,G,.,.,3327
3,37070334,769,T,C,.,.,3328
3,37081718,728,GT,AG,.,.,3329
3,37081725,756,CT,C,.,.,3330
3,37081770,751,A,C,.,.,3331
3,37089093,730,AGG,A,.,.,3332
3,37089129,733,GAAG,G,.,.,3333
3,37090405,746,AC,A,.,.,3334
3,37090447,760,C,T,.,.,3335
3,37090463,735,CC,C,.,.,3336
3,37092143,748,A,T,.,.,3337
3,38182641,424,T,C,.,.,3338
3,41266124,1285,A,G,.,.,3339
3,41266136,1287,T,C,.,.,3340
3,41266137,1286,C,T,.,.,3341
3,105439026,643,G,A,.,.,3342
3,138665163,198,G,C,.,.,3343
3,178916854,1500,G,A,.,.,3344
3,178916876,929,G,A,.,.,3345
3,178916890,1178,C,T,.,.,3346
3,178916946,1234,G,C,.,.,3347
3,178917598,1499,C,T,.,.,3348
3,178921553,930,T,A,.,.,3349
3,178921567,1653,A,G,.,.,3350
3,178922319,2788,G,C,.,.,3351
3,178927410,1235,A,G,.,.,3352
3,178927980,931,T,C,.,.,3353
3,178928226,294,C,T,.,.,3354
3,178936082,103,G,A,.,.,3355
3,178936082,933,G,C,.,.,3356
3,178936091,881,G,C,.,.,3357
3,178936091,104,G,A,.,.,3358
3,178936092,884,A,T,.,.,3359
3,178936092,883,A,G,.,.,3360
3,178936092,882,A,C,.,.,3361
3,178936093,934,G,C,.,.,3362
3,178936094,885,C,A,.,.,3363
3,178936094,886,C,G,.,.,3364
3,178936095,888,A,G,.,.,3365
3,178936095,887,A,C,.,.,3366
3,178936103,1399,G,A,.,.,3367
3,178948044,3293,A,G,.,.,3368
3,178948091,3001,G,A,.,.,3369
3,178948139,2789,T,C,.,.,3370
3,178948153,2790,A,T,.,.,3371
3,178952007,935,A,G,.,.,3372
3,178952013,1594,G,A,.,.,3373
3,178952074,937,G,T,.,.,3374
3,178952084,938,C,T,.,.,3375
3,178952085,107,A,G,.,.,3376
3,178952085,1151,A,T,.,.,3377
3,178952090,940,G,C,.,.,3378
3,178952090,939,G,A,.,.,3379
3,178952091,1501,G,C,.,.,3380
4,1803564,2403,C,T,.,.,3381
4,1803568,628,C,G,.,.,3382
4,1806089,2406,G,T,.,.,3383
4,1806099,2404,A,G,.,.,3384
4,1806119,2405,G,C,.,.,3385
4,1806131,3516,T,C,.,.,3386
4,1806153,4023,C,A,.,.,3387
4,1806680,3692,G,A,.,.,3388
4,1807335,3515,G,T,.,.,3389
4,1807363,4022,A,T,.,.,3390
4,1807369,4028,A,G,.,.,3391
4,1807370,3694,A,G,.,.,3392
4,1807371,3693,C,G,.,.,3393
4,1807494,2400,G,A,.,.,3394
4,1807494,2399,G,C,.,.,3395
4,1807653,2401,T,G,.,.,3396
4,1807791,3698,A,G,.,.,3397
4,1807850,3699,G,T,.,.,3398
4,1807881,3514,A,G,.,.,3399
4,1807889,4019,A,C,.,.,3400
4,1807889,1400,A,G,.,.,3401
4,1807889,4025,AA,CT,.,.,3402
4,1807889,4024,GAC,AAG,.,.,3403
4,1807890,4021,A,C,.,.,3404
4,1807890,4013,A,T,.,.,3405
4,1807891,3695,G,C,.,.,3406
4,1808029,3696,C,G,.,.,3407
4,1808030,3697,G,A,.,.,3408
4,1808313,1692,G,A,.,.,3409
4,1808331,4030,G,T,.,.,3410
4,55141036,941,T,A,.,.,3411
4,55141036,247,T,C,.,.,3412
4,55141083,862,C,T,.,.,3413
4,55144547,577,C,T,.,.,3414
4,55152023,1540,C,A,.,.,3415
4,55152090,863,G,A,.,.,3416
4,55152092,100,G,T,.,.,3417
4,55152092,98,GA,AT,.,.,3418
4,55152091,1518,AGACATCATG,A,.,.,3419
4,55152093,99,A,T,.,.,3420
4,55152093,102,ACATC,TCATG,.,.,3421
4,55152094,101,CATC,C,.,.,3422
4,55152101,864,C,T,.,.,3423
4,55152126,865,G,A,.,.,3424
4,55589772,855,CGAC,C,.,.,3425
4,55592185,946,T,TGCCTAT,.,.,3426
4,55593464,201,A,C,.,.,3427
4,55593581,948,GAAACCCATGTATGAAGTACAGTGG,G,.,.,3428
4,55593581,949,GAAACCCATGTATGAAGTACAGTGGAAG,G,.,.,3429
4,55593581,2696,GAAACCCATGTATGAAGTACAGTGGAAGGTT,G,.,.,3430
4,55593586,950,C,T,.,.,3431
4,55593587,951,CATGTATGAAGTACAGTGG,C,.,.,3432
4,55593591,952,T,G,.,.,3433
4,55593593,954,TGAAGTACAGTGGAAG,T,.,.,3434
4,55593596,955,A,C,.,.,3435
4,55593596,956,AGTACAG,A,.,.,3436
4,55593603,958,T,C,.,.,3437
4,55593603,959,T,G,.,.,3438
4,55593603,960,TG,AC,.,.,3439
4,55593602,961,GTGGAAG,G,.,.,3440
4,55593602,962,GTGGAAGGTTGTTGAG,G,.,.,3441
4,55593606,963,A,C,.,.,3442
4,55593605,964,GAAGGTT,G,.,.,3443
4,55593607,965,A,G,.,.,3444
4,55593608,966,GGTT,G,.,.,3445
4,55593608,967,GGTTGTT,G,.,.,3446
4,55593610,969,T,C,.,.,3447
4,55593610,970,T,G,.,.,3448
4,55593610,968,T,A,.,.,3449
4,55593611,202,TGTT,T,.,.,3450
4,55593613,971,T,A,.,.,3451
4,55593613,972,T,G,.,.,3452
4,55593654,974,A,G,.,.,3453
4,55593658,975,A,T,.,.,3454
4,55593661,72,T,C,.,.,3455
4,55593664,976,C,T,.,.,3456
4,55593668,977,TGAT,T,.,.,3457
4,55594180,1659,G,A,.,.,3458
4,55594221,978,A,G,.,.,3459
4,55594258,73,T,C,.,.,3460
4,55594279,979,C,T,.,.,3461
4,55595519,1267,C,T,.,.,3462
4,55595585,980,C,T,.,.,3463
4,55595590,981,C,A,.,.,3464
4,55599299,1264,T,G,.,.,3465
4,55599320,984,G,T,.,.,3466
4,55599320,983,G,C,.,.,3467
4,55599321,65,A,T,.,.,3468
4,55599321,1402,A,G,.,.,3469
4,55599322,1559,C,G,.,.,3470
4,55599332,986,G,T,.,.,3471
4,55599333,1266,A,G,.,.,3472
4,55599333,1265,A,C,.,.,3473
4,55599338,987,A,C,.,.,3474
4,55599340,1263,T,A,.,.,3475
4,55599341,989,T,G,.,.,3476
4,55602664,990,G,C,.,.,3477
4,55602765,482,G,C,.,.,3478
4,55604940,256,G,A,.,.,3479
4,55955969,467,C,T,.,.,3480
4,55961059,502,G,A,.,.,3481
4,55968180,468,T,A,.,.,3482
4,89052323,260,G,T,.,.,3483
5,1286516,421,C,A,.,.,3484
5,1295228,248,G,A,.,.,3485
5,1295250,4004,G,A,.,.,3486
5,170837547,87,G,GTCTG,.,.,3487
5,176942767,814,G,A,.,.,3488
6,116600810,2180,G,A,.,.,3489
6,117630062,517,A,G,.,.,3490
6,117631376,518,C,G,.,.,3491
6,117638347,465,C,T,.,.,3492
6,117638347,1271,C,T,.,.,3493
6,117638365,516,G,T,.,.,3494
6,152415537,692,T,C,.,.,3495
6,152419920,46,TC,AG,.,.,3496
6,152419922,49,T,A,.,.,3497
6,152419923,48,A,G,.,.,3498
6,152419923,50,A,C,.,.,3499
6,152419926,47,A,G,.,.,3500
7,6031649,768,G,A,.,.,3501
7,6426892,367,C,T,.,.,3502
7,50450369,2579,AG,A,.,.,3503
7,55210077,3488,G,A,.,.,3504
7,55211080,994,G,A,.,.,3505
7,55211097,3464,G,A,.,.,3506
7,55214368,3470,G,A,.,.,3507
7,55220274,3344,C,T,.,.,3508
7,55221743,995,A,C,.,.,3509
7,55221822,996,C,T,.,.,3510
7,55225358,2616,T,A,.,.,3511
7,55225358,2617,T,G,.,.,3512
7,55227854,2613,G,T,.,.,3513
7,55227855,2611,T,G,.,.,3514
7,55227855,2612,T,A,.,.,3515
7,55227857,2614,A,C,.,.,3516
7,55227858,2615,G,T,.,.,3517
7,55227884,454,C,T,.,.,3518
7,55227918,2600,T,G,.,.,3519
7,55227918,2599,T,A,.,.,3520
7,55227923,2602,T,A,.,.,3521
7,55227924,2601,C,T,.,.,3522
7,55227926,443,G,A,.,.,3523
7,55227927,2604,G,T,.,.,3524
7,55227927,2603,G,A,.,.,3525
7,55227933,455,A,C,.,.,3526
7,55227998,2606,A,C,.,.,3527
7,55227998,2607,A,G,.,.,3528
7,55228005,2609,T,G,.,.,3529
7,55228005,2608,T,A,.,.,3530
7,55228007,2610,A,T,.,.,3531
7,55228009,453,C,A,.,.,3532
7,55231430,1582,C,T,.,.,3533
7,55233037,3489,C,T,.,.,3534
7,55233043,997,G,T,.,.,3535
7,55241656,2255,G,T,.,.,3536
7,55241666,2333,G,A,.,.,3537
7,55241675,3490,A,G,.,.,3538
7,55241677,1412,G,A,.,.,3539
7,55241677,1413,G,C,.,.,3540
7,55241707,134,G,A,.,.,3541
7,55241708,999,G,C,.,.,3542
7,55241708,1420,G,A,.,.,3543
7,55241722,317,G,A,.,.,3544
7,55241726,861,C,T,.,.,3545
7,55242422,1571,G,T,.,.,3546
7,55242430,1572,G,C,.,.,3547
7,55242455,1001,T,C,.,.,3548
7,55242462,1638,CAAGGAATTAAGAGAA,C,.,.,3549
7,55242464,1002,AGGAATTAAGAGAAGC,A,.,.,3550
7,55242466,1431,G,A,.,.,3551
7,55242467,724,A,G,.,.,3552
7,55242466,1004,GAATTAAGAGAAGCAA,G,.,.,3553
7,55242466,1214,GAATTAAGAGAAGCAACA,GTTGCT,.,.,3554
7,55242467,1008,AATTAAGAGAAGCAAC,AGCA,.,.,3555
7,55242469,1891,TT,CC,.,.,3556
7,55242468,1010,ATTAAGAGAAGCAA,AC,.,.,3557
7,55242468,890,ATTAAGAGAAGCAACATCT,A,.,.,3558
7,55242469,1012,TTAAGAGAAGCAACATCTC,T,.,.,3559
7,55242478,2332,G,A,.,.,3560
7,55242487,460,C,T,.,.,3561
7,55242500,723,A,G,.,.,3562
7,55242511,712,G,T,.,.,3563
7,55242511,1013,G,A,.,.,3564
7,55248992,1515,T,TTCCAGGAAGCCT,.,.,3565
7,55248994,1665,C,CCACCAC,.,.,3566
7,55249000,1664,G,GGCCATA,.,.,3567
7,55249000,1579,G,GGCCAGCGTG,.,.,3568
7,55249005,1443,G,A,.,.,3569
7,55249005,562,G,T,.,.,3570
7,55249008,1578,T,C,.,.,3571
7,55249009,736,G,GGCCAGCGTG,.,.,3572
7,55249012,1513,C,CAACCCCCAC,.,.,3573
7,55249012,1566,C,CGGCACA,.,.,3574
7,55249012,1512,C,CGGT,.,.,3575
7,55249012,1514,C,CGGGTTA,.,.,3576
7,55249013,1662,AA,AGTCC,.,.,3577
7,55249013,1445,A,AGCGTGGACA,.,.,3578
7,55249021,1446,C,CCAC,.,.,3579
7,55249022,1894,G,A,.,.,3580
7,55249023,1892,T,C,.,.,3581
7,55249024,1567,G,GCATGTT,.,.,3582
7,55249028,1181,C,T,.,.,3583
7,55249053,1182,C,T,.,.,3584
7,55249055,1573,A,G,.,.,3585
7,55249071,34,C,T,.,.,3586
7,55249077,3004,T,A,.,.,3587
7,55249091,415,T,A,.,.,3588
7,55249091,3003,T,G,.,.,3589
7,55249092,1574,G,A,.,.,3590
7,55249103,1575,T,C,.,.,3591
7,55249118,1895,A,G,.,.,3592
7,55249130,1016,G,A,.,.,3593
7,55259418,1896,A,T,.,.,3594
7,55259419,1188,A,G,.,.,3595
7,55259434,1017,G,A,.,.,3596
7,55259437,2741,G,T,.,.,3597
7,55259454,1018,C,G,.,.,3598
7,55259455,1457,T,C,.,.,3599
7,55259467,1899,A,G,.,.,3600
7,55259482,1463,C,T,.,.,3601
7,55259485,1465,C,T,.,.,3602
7,55259493,1466,G,A,.,.,3603
7,55259502,1467,A,G,.,.,3604
7,55259515,33,T,G,.,.,3605
7,55259515,1473,T,A,.,.,3606
7,55259517,1474,G,A,.,.,3607
7,55259524,1477,T,G,.,.,3608
7,55259524,1020,T,A,.,.,3609
7,55259532,1187,G,A,.,.,3610
7,55259545,1482,A,G,.,.,3611
7,55260483,1390,G,A,.,.,3612
7,87138645,263,A,G,.,.,3613
7,87160618,451,A,C,.,.,3614
7,87160618,262,A,T,.,.,3615
7,116412043,1660,G,C,.,.,3616
7,116412043,1651,G,A,.,.,3617
7,116412043,2260,G,A,.,.,3618
7,116412043,1649,G,T,.,.,3619
7,116423407,649,G,A,.,.,3620
7,116423408,798,A,T,.,.,3621
7,116423474,3372,T,C,.,.,3622
7,128846398,1570,C,T,.,.,3623
7,128849189,299,G,C,.,.,3624
7,128850341,837,G,T,.,.,3625
7,140434507,2224,G,T,.,.,3626
7,140434515,1198,G,A,.,.,3627
7,140453118,2223,C,T,.,.,3628
7,140453134,584,T,C,.,.,3629
7,140453135,11,CA,AT,.,.,3630
7,140453136,12,A,T,.,.,3631
7,140453136,991,AC,CT,.,.,3632
7,140453136,563,AC,TT,.,.,3633
7,140453142,2826,G,A,.,.,3634
7,140453145,288,A,C,.,.,3635
7,140453145,583,A,T,.,.,3636
7,140453145,582,AG,GA,.,.,3637
7,140453146,585,G,C,.,.,3638
7,140453148,1650,C,A,.,.,3639
7,140453149,1627,C,G,.,.,3640
7,140453149,694,C,A,.,.,3641
7,140453150,1121,A,C,.,.,3642
7,140453154,580,T,A,.,.,3643
7,140453154,579,T,G,.,.,3644
7,140453154,611,T,C,.,.,3645
7,140453155,1107,C,T,.,.,3646
7,140453193,1186,T,C,.,.,3647
7,140477794,658,A,T,.,.,3648
7,140477837,522,TAGGTGCTGTCACATTCAA,T,.,.,3649
7,140477859,581,TT,CA,.,.,3650
7,140481402,992,C,G,.,.,3651
7,140481402,993,C,T,.,.,3652
7,140481402,841,C,A,.,.,3653
7,140481403,840,C,G,.,.,3654
7,140481411,1196,C,G,.,.,3655
7,140481411,2222,C,A,.,.,3656
7,140481417,1106,C,A,.,.,3657
7,148508727,2989,T,A,.,.,3658
7,148508728,3364,A,G,.,.,3659
7,148524752,257,C,C,.,.,3660
8,38274849,515,G,T,.,.,3661
8,68939530,2364,G,T,.,.,3662
9,5070053,615,G,GG,.,.,3663
9,5070054,1681,T,G,.,.,3664
9,5073770,64,G,T,.,.,3665
9,8521481,792,C,T,.,.,3666
9,21971028,1521,C,T,.,.,3667
9,21974769,1522,C,G,.,.,3668
9,21975017,641,C,T,.,.,3669
9,80409488,604,T,G,.,.,3670
9,133738202,1595,A,T,.,.,3671
9,133738295,1596,A,C,.,.,3672
9,133738309,1597,A,G,.,.,3673
9,133738325,1598,T,C,.,.,3674
9,133738330,1021,A,G,.,.,3675
9,133738342,1022,C,G,.,.,3676
9,133738343,2340,T,G,.,.,3677
9,133738349,1023,G,A,.,.,3678
9,133738349,1599,G,T,.,.,3679
9,133738355,1600,A,G,.,.,3680
9,133738356,1024,G,C,.,.,3681
9,133738357,1025,T,C,.,.,3682
9,133738358,1026,A,T,.,.,3683
9,133738363,3,G,A,.,.,3684
9,133738364,1173,A,T,.,.,3685
9,133738374,1601,G,T,.,.,3686
9,133738417,1602,T,A,.,.,3687
9,133747520,1027,A,G,.,.,3688
9,133747528,1526,G,A,.,.,3689
9,133747534,1603,G,A,.,.,3690
9,133747558,1604,G,A,.,.,3691
9,133747568,1183,A,T,.,.,3692
9,133747585,1506,C,G,.,.,3693
9,133747588,1231,G,C,.,.,3694
9,133747592,1527,A,G,.,.,3695
9,133748270,1507,T,A,.,.,3696
9,133748270,1528,T,C,.,.,3697
9,133748282,2335,A,G,.,.,3698
9,133748283,2,C,T,.,.,3699
9,133748288,1625,T,A,.,.,3700
9,133748288,241,T,C,.,.,3701
9,133748288,1525,T,G,.,.,3702
9,133748289,2359,T,G,.,.,3703
9,133748289,2343,T,C,.,.,3704
9,133748300,1657,GG,CT,.,.,3705
9,133748331,1529,A,G,.,.,3706
9,133748333,1656,C,T,.,.,3707
9,133748346,1640,A,G,.,.,3708
9,133748363,1605,T,C,.,.,3709
9,133748367,1524,T,C,.,.,3710
9,133748391,1029,T,C,.,.,3711
9,133748403,1487,A,G,.,.,3712
9,133748414,1523,T,A,.,.,3713
9,133748414,892,T,G,.,.,3714
9,133748415,1184,T,G,.,.,3715
9,133750256,1606,G,T,.,.,3716
9,133750260,1530,T,C,.,.,3717
9,133750263,1607,C,T,.,.,3718
9,133750266,1608,C,G,.,.,3719
9,133750304,1609,G,A,.,.,3720
9,133750319,1230,C,A,.,.,3721
9,133750328,1488,T,A,.,.,3722
9,133750330,1232,G,C,.,.,3723
9,133750331,1610,A,T,.,.,3724
9,133750347,1611,A,G,.,.,3725
9,133750356,1030,A,G,.,.,3726
9,133750356,1531,A,C,.,.,3727
9,133750358,1612,G,C,.,.,3728
9,133750361,1233,G,C,.,.,3729
9,133750419,1613,C,A,.,.,3730
9,133750421,1614,A,G,.,.,3731
9,133750422,1615,T,G,.,.,3732
9,133750431,1532,A,G,.,.,3733
9,133753826,1533,T,C,.,.,3734
9,133753844,1495,C,G,.,.,3735
9,133753853,1616,C,T,.,.,3736
9,133753879,1617,G,A,.,.,3737
9,133753880,1619,A,C,.,.,3738
9,133753880,1534,A,T,.,.,3739
9,133753880,1496,A,G,.,.,3740
9,133753888,1509,G,C,.,.,3741
9,133753888,1535,G,A,.,.,3742
9,133753889,1536,A,C,.,.,3743
9,133753889,1620,A,T,.,.,3744
9,133753906,2370,G,A,.,.,3745
9,133753907,1621,A,G,.,.,3746
9,133753947,1622,G,A,.,.,3747
9,133755469,1537,C,G,.,.,3748
9,133755470,1623,C,T,.,.,3749
9,133755488,1538,T,A,.,.,3750
9,133755488,1152,T,C,.,.,3751
9,133755913,1624,G,A,.,.,3752
9,135771933,714,G,A,.,.,3753
9,139390861,137,GG,GTGT,.,.,3754
9,139391212,136,G,A,.,.,3755
9,139391369,138,G,GA,.,.,3756
9,139397768,1034,A,G,.,.,3757
9,139399219,135,C,G,.,.,3758
9,139399344,1031,A,G,.,.,3759
9,139399344,1140,A,T,.,.,3760
9,139399368,1127,A,G,.,.,3761
9,139399368,1174,A,C,.,.,3762
9,139399389,1142,A,C,.,.,3763
9,139399413,1143,A,G,.,.,3764
9,139399413,1144,A,T,.,.,3765
9,139399422,1032,A,G,.,.,3766
9,139399422,1145,A,T,.,.,3767
10,43609070,1260,G,A,.,.,3768
10,43609950,112,C,G,.,.,3769
10,43617416,113,T,C,.,.,3770
10,89692904,636,C,T,.,.,3771
10,89711899,838,C,T,.,.,3772
10,89717672,110,C,T,.,.,3773
10,89720798,605,GTACT,G,.,.,3774
10,104850483,2897,G,A,.,.,3775
10,104850745,240,T,G,.,.,3776
10,104852955,238,C,T,.,.,3777
10,104852980,239,T,G,.,.,3778
10,104857107,2896,G,A,.,.,3779
10,123258034,545,A,T,.,.,3780
10,131265545,338,C,T,.,.,3781
11,533874,854,T,A,.,.,3782
11,534285,274,C,T,.,.,3783
11,9599943,331,A,G,.,.,3784
11,17741694,3032,T,G,.,.,3785
11,64572091,667,CC,C,.,.,3786
11,67352689,259,A,G,.,.,3787
11,108115729,1155,A,T,.,.,3788
11,108121593,1166,CAA,C,.,.,3789
11,108142006,1157,C,G,.,.,3790
11,108142131,1158,T,G,.,.,3791
11,108143545,1159,C,T,.,.,3792
11,108164152,1170,G,A,.,.,3793
11,108170479,1168,G,C,.,.,3794
11,108180913,1160,A,T,.,.,3795
11,108186743,1161,G,C,.,.,3796
11,108186827,1169,C,T,.,.,3797
11,108192134,1162,G,T,.,.,3798
11,108196797,1171,G,A,.,.,3799
11,108196839,243,GTC,G,.,.,3800
11,108199938,1163,T,C,.,.,3801
11,108201008,1156,C,T,.,.,3802
11,108201096,1172,G,A,.,.,3803
11,108204681,901,A,G,.,.,3804
11,108206614,1164,T,G,.,.,3805
11,108218044,244,A,C,.,.,3806
11,108236086,903,C,T,.,.,3807
12,12022535,813,C,T,.,.,3808
12,12037475,812,G,A,.,.,3809
12,12038902,811,C,T,.,.,3810
12,21329738,778,A,G,.,.,3811
12,21331549,777,T,C,.,.,3812
12,25360224,254,A,C,.,.,3813
12,25368454,1207,C,T,.,.,3814
12,25378561,322,G,A,.,.,3815
12,25378562,906,C,T,.,.,3816
12,25378562,905,C,G,.,.,3817
12,25378647,1120,T,A,.,.,3818
12,25380275,907,T,G,.,.,3819
12,25380276,908,T,A,.,.,3820
12,25380276,909,T,C,.,.,3821
12,25380276,1103,T,G,.,.,3822
12,25380277,910,G,T,.,.,3823
12,25380277,1104,G,C,.,.,3824
12,25398255,479,G,A,.,.,3825
12,25398280,1517,GC,AA,.,.,3826
12,25398281,81,C,T,.,.,3827
12,25398282,911,C,A,.,.,3828
12,25398282,1396,C,T,.,.,3829
12,25398282,1395,C,G,.,.,3830
12,25398284,148,C,G,.,.,3831
12,25398284,425,C,A,.,.,3832
12,25398284,79,C,T,.,.,3833
12,25398285,530,C,G,.,.,3834
12,25398285,78,C,A,.,.,3835
12,25398285,913,C,T,.,.,3836
12,56478851,702,C,G,.,.,3837
12,56478854,701,G,A,.,.,3838
12,56481857,1218,C,A,.,.,3839
12,56481922,703,G,A,.,.,3840
12,56491672,781,T,C,.,.,3841
12,58145431,556,G,A,.,.,3842
12,69202580,495,T,G,.,.,3843
12,69234987,642,TA,T,.,.,3844
12,111884608,699,T,C,.,.,3845
12,112888165,2573,G,T,.,.,3846
13,28592640,1397,A,T,.,.,3847
13,28592641,1302,T,A,.,.,3848
13,28592642,56,C,A,.,.,3849
13,28592642,612,C,G,.,.,3850
13,28592642,437,C,A,.,.,3851
13,28602340,3053,G,T,.,.,3852
13,28624294,540,G,A,.,.,3853
13,32890599,1247,T,G,.,.,3854
13,32890600,1248,G,T,.,.,3855
13,32900287,1249,G,A,.,.,3856
13,32900751,1251,G,A,.,.,3857
13,32900751,1250,G,C,.,.,3858
13,32921033,1252,G,C,.,.,3859
13,32968854,661,C,A,.,.,3860
13,49033946,638,A,AA,.,.,3861
13,103498198,255,A,G,.,.,3862
14,62213848,433,T,C,.,.,3863
14,65453063,332,G,C,.,.,3864
14,95557629,2200,T,C,.,.,3865
14,95557630,2052,C,G,.,.,3866
14,95557630,2201,C,T,.,.,3867
14,95557639,2197,C,G,.,.,3868
14,95557639,2199,C,T,.,.,3869
14,95557639,2198,C,A,.,.,3870
14,95560476,2050,C,T,.,.,3871
14,105243048,169,G,T,.,.,3872
14,105246551,4,C,T,.,.,3873
15,45003785,616,CTCTT,C,.,.,3874
15,66727441,1270,T,C,.,.,3875
15,66727448,655,CCCAGAAGCAGAAGGT,C,.,.,3876
15,66727451,83,A,C,.,.,3877
15,66727454,824,A,C,.,.,3878
15,66727455,1272,G,T,.,.,3879
15,66729154,627,G,C,.,.,3880
15,66729162,82,C,T,.,.,3881
15,66774131,1626,G,A,.,.,3882
15,74315213,462,C,T,.,.,3883
15,74315219,463,T,C,.,.,3884
15,88476265,805,C,T,.,.,3885
15,90631838,63,C,T,.,.,3886
16,2130300,469,C,T,.,.,3887
16,69745145,402,G,A,.,.,3888
16,89815152,2165,G,A,.,.,3889
17,7577093,1108,C,A,.,.,3890
17,7577106,3005,G,C,.,.,3891
17,7577111,1050,G,A,.,.,3892
17,7577120,918,C,A,.,.,3893
17,7577120,122,C,T,.,.,3894
17,7577121,121,G,A,.,.,3895
17,7577535,119,C,G,.,.,3896
17,7577538,117,C,T,.,.,3897
17,7577539,118,G,A,.,.,3898
17,7577548,879,C,T,.,.,3899
17,7577556,1064,C,T,.,.,3900
17,7577556,1062,C,A,.,.,3901
17,7577568,2648,C,T,.,.,3902
17,7577570,1066,C,A,.,.,3903
17,7577580,1068,T,C,.,.,3904
17,7578190,922,T,C,.,.,3905
17,7578211,1109,C,G,.,.,3906
17,7578212,2711,G,A,.,.,3907
17,7578406,116,C,T,.,.,3908
17,7578449,1114,C,T,.,.,3909
17,7578457,1699,C,A,.,.,3910
17,7578457,1695,C,T,.,.,3911
17,7578461,1092,C,A,.,.,3912
17,7578502,1254,A,G,.,.,3913
17,7578525,924,G,C,.,.,3914
17,7579472,531,G,C,.,.,3915
17,7579548,504,G,A,.,.,3916
17,17119708,3727,T,TG,.,.,3917
17,29562747,3292,G,A,.,.,3918
17,33433425,471,G,A,.,.,3919
17,37868205,38,G,C,.,.,3920
17,37879585,2677,A,G,.,.,3921
17,37879658,42,G,A,.,.,3922
17,37880213,1312,A,G,.,.,3923
17,37880219,1304,TT,CC,.,.,3924
17,37880218,37,GTTGAGGGAAAACACA,G,.,.,3925
17,37880220,40,T,G,.,.,3926
17,37880220,39,T,C,.,.,3927
17,37880259,1308,T,C,.,.,3928
17,37880261,36,G,T,.,.,3929
17,37880261,35,G,C,.,.,3930
17,37880988,1311,G,C,.,.,3931
17,37880989,872,T,C,.,.,3932
17,37880991,818,AA,ATGGCTGG,.,.,3933
17,37880996,414,T,TTACGTGATGGCT,.,.,3934
17,37880997,816,GG,CT,.,.,3935
17,37881000,44,G,T,.,.,3936
17,37881011,41,A,AGGCTCCCCA,.,.,3937
17,37881011,817,A,AGGCTCCCCA,.,.,3938
17,37881064,2331,C,T,.,.,3939
17,37881064,1305,CA,TG,.,.,3940
17,37881332,45,G,A,.,.,3941
17,37881378,873,A,G,.,.,3942
17,37881392,871,A,G,.,.,3943
17,37881404,496,C,A,.,.,3944
17,37881414,2330,T,G,.,.,3945
17,37881440,874,C,T,.,.,3946
17,37881616,43,C,T,.,.,3947
17,41199682,1555,C,T,.,.,3948
17,41228590,1246,G,A,.,.,3949
17,41244645,477,G,GGA,.,.,3950
17,46805705,772,C,T,.,.,3951
18,42531913,351,G,A,.,.,3952
18,60985514,3060,C,A,.,.,3953
18,60985545,3031,G,C,.,.,3954
18,60985590,3082,A,T,.,.,3955
18,60985598,2960,C,A,.,.,3956
19,1220489,634,C,A,.,.,3957
19,1223125,2063,C,G,.,.,3958
19,4117550,1398,A,C,.,.,3959
19,7975157,566,G,A,.,.,3960
19,17945696,1289,C,T,.,.,3961
19,17949108,1288,C,T,.,.,3962
19,17955046,1290,T,A,.,.,3963
19,44055726,261,T,C,.,.,3964
19,44057574,249,G,A,.,.,3965
19,45854919,264,T,G,.,.,3966
19,49377242,548,G,C,.,.,3967
20,57428713,877,T,C,.,.,3968
20,57484420,826,C,T,.,.,3969
21,36171704,803,G,T,.,.,3970
21,36231792,806,C,A,.,.,3971
21,36252912,810,GGCTGCGGT,G,.,.,3972
21,36252962,807,C,G,.,.,3973
21,36259163,802,T,C,.,.,3974
21,40191638,445,A,G,.,.,3975
21,44514777,127,T,G,.,.,3976
21,44524456,128,G,A,.,.,3977
22,22127162,1552,C,T,.,.,3978
22,22127164,320,C,T,.,.,3979
22,29091856,785,AG,A,.,.,3980
22,29121087,787,A,G,.,.,3981
22,30050673,279,AA,A,.,.,3982
22,30051593,245,T,TT,.,.,3983
X,1314966,2285,A,C,.,.,3984
X,47426121,10,C,G,.,.,3985
X,47429340,825,T,A,.,.,3986
X,66943549,175,T,C,.,.,3987
X,100611165,168,A,T,.,.,3988
X,100613633,870,T,C,.,.,3989
